tt0528241,nm0000001,Fred Astaire
tt0507722,nm0000001,Fred Astaire
tt0565155,nm0000001,Fred Astaire
tt0565107,nm0000001,Fred Astaire
tt0565263,nm0000001,Fred Astaire
tt0586190,nm0000001,Fred Astaire
tt0586210,nm0000001,Fred Astaire
tt0612730,nm0000001,Fred Astaire
tt0612761,nm0000001,Fred Astaire
tt0612770,nm0000001,Fred Astaire
tt0612774,nm0000001,Fred Astaire
tt5904770,nm0000001,Fred Astaire
tt9708264,nm0000001,Fred Astaire
tt9708268,nm0000001,Fred Astaire
tt0028757,nm0000001,Fred Astaire
tt0029971,nm0000001,Fred Astaire
tt0032284,nm0000001,Fred Astaire
tt0031983,nm0000001,Fred Astaire
tt0033029,nm0000001,Fred Astaire
tt0035583,nm0525910,Fred Astaire
